epoch,train_loss,val_loss,train_acc,val_acc,memory
1,0.11246862262487411,0.11031749285757542,tensor(0.1368),tensor(0.1212),93691
2,0.10791423867146174,0.10709407925605774,tensor(0.2454),tensor(0.2078),59415
3,0.10537386933962505,0.104752317070961,tensor(0.2389),tensor(0.1991),57937
4,0.10425398548444112,0.1041686162352562,tensor(0.2443),tensor(0.1948),58790
5,0.10320160388946534,0.10394459217786789,tensor(0.2747),tensor(0.2338),57348
